City_ID,City,Lat,Lng,Max Temp,Humidity,Cloudiness,Wind Speed,Country,Date
0,waitangi,-43.9535,-176.5597,12.12,98,100,1.79,NZ,1690228550
1,al jumum,21.6169,39.6981,34.97,19,51,1.74,SA,1690228551
2,ried im innkreis,48.2112,13.4886,19.36,95,100,2.72,AT,1690228552
3,nizhnesortymskiy,62.4397,71.7603,17.95,79,100,1.52,RU,1690228553
4,adamstown,-25.066,-130.1015,19.89,68,50,3.34,PN,1690228553
5,lazaro cardenas,17.9583,-102.2,32.19,55,100,2.53,MX,1690228553
6,griffith,41.5284,-87.4237,31.7,55,100,4.12,US,1690228553
7,bethel,41.3712,-73.414,30.03,54,40,4.63,US,1690228554
8,iqaluit,63.7506,-68.5145,7.85,75,75,3.6,CA,1690228555
9,alice springs,-23.7,133.8833,4.75,81,0,0.0,AU,1690228543
10,batang,-6.4846,110.7083,24.67,83,7,2.39,ID,1690228556
11,puerto deseado,-47.7503,-65.8938,4.64,73,99,9.66,AR,1690228292
12,puerto ayora,-0.7393,-90.3518,28.98,98,78,3.58,EC,1690228556
13,bubaque,11.2833,-15.8333,27.65,77,100,5.11,GW,1690228557
14,invercargill,-46.4,168.35,7.35,87,94,4.08,NZ,1690228558
15,el limon,10.3059,-67.6321,31.62,58,14,1.19,VE,1690228558
16,ushuaia,-54.8,-68.3,0.81,64,0,1.54,AR,1690228341
17,touros,-5.1989,-35.4608,26.06,73,18,7.77,BR,1690228559
18,hauterive,46.0901,3.4459,21.42,58,100,2.54,FR,1690228560
19,yellowknife,62.456,-114.3525,24.29,43,100,2.57,CA,1690228560
20,west island,-12.1568,96.8225,24.99,78,40,9.26,CC,1690228562
21,hamilton,39.1834,-84.5333,32.17,61,100,7.2,US,1690228397
22,port-aux-francais,-49.35,70.2167,3.83,72,100,11.1,TF,1690228563
23,stanley,54.868,-1.6985,12.66,80,75,1.03,GB,1690228563
24,puerto natales,-51.7236,-72.4875,-3.49,80,100,0.93,CL,1690228564
25,hawaiian paradise park,19.5933,-154.9731,27.24,84,100,2.57,US,1690228564
26,aldan,58.6031,125.3894,15.59,83,100,0.53,RU,1690228294
27,lompoc,34.6391,-120.4579,28.25,68,75,3.6,US,1690228566
28,grytviken,-54.2811,-36.5092,-5.93,77,18,4.69,GS,1690228566
29,margaret river,-33.95,115.0667,16.58,80,11,8.96,AU,1690228271
30,kopervik,59.2835,5.3067,16.08,88,40,6.69,NO,1690228566
31,petropavlovsk-kamchatsky,53.0452,158.6483,14.33,82,20,3.0,RU,1690228567
32,isangel,-19.55,169.2667,19.06,100,100,1.54,VU,1690228567
33,port lincoln,-34.7333,135.8667,13.19,70,92,4.61,AU,1690228567
34,college,64.8569,-147.8028,28.04,60,40,0.0,US,1690228567
35,nadi,-17.8,177.4167,23.0,83,100,1.54,FJ,1690228318
36,allahabad,25.45,81.85,33.37,53,99,3.12,IN,1690228475
37,kapuskasing,49.4169,-82.4331,22.05,56,75,2.06,CA,1690228568
38,thompson,55.7435,-97.8558,25.09,36,20,4.12,CA,1690228568
39,novodvinsk,64.4165,40.8122,11.29,97,60,2.08,RU,1690228568
40,tshabong,-26.05,22.45,13.54,13,89,2.52,BW,1690228568
41,nemuro,43.3236,145.575,16.61,94,100,6.24,JP,1690228568
42,grand falls-windsor,48.9332,-55.6649,29.17,59,64,4.9,CA,1690228568
43,albany,42.6001,-73.9662,24.29,81,60,0.89,US,1690228545
44,scottburgh,-30.2867,30.7532,14.75,62,63,3.29,ZA,1690228569
45,manokwari,-0.8667,134.0833,25.6,80,82,1.83,ID,1690228569
46,tokar,18.4254,37.729,36.31,27,82,1.9,SD,1690228569
47,ilulissat,69.2167,-51.1,8.01,87,20,2.06,GL,1690228569
48,ust-nera,64.5667,143.2,15.68,70,96,2.89,RU,1690228569
49,colonia,50.9333,6.95,17.38,85,20,1.54,DE,1690228460
50,san antonio de pale,-1.4014,5.6325,22.75,84,100,4.55,GQ,1690228330
51,bilibino,68.0546,166.4372,10.07,91,100,0.73,RU,1690228570
52,happy valley-goose bay,53.3168,-60.3315,23.17,78,75,0.0,CA,1690228570
53,fortuna,40.5982,-124.1573,24.4,68,20,6.17,US,1690228570
54,lihue,21.9789,-159.3672,27.77,72,100,7.2,US,1690228570
55,banda aceh,5.5577,95.3222,26.85,71,77,5.87,ID,1690228570
56,mount gambier,-37.8333,140.7667,9.08,80,85,0.74,AU,1690228570
57,udachny,66.4167,112.4,13.03,93,25,2.49,RU,1690228325
58,primero de mayo,-32.2552,-58.4228,10.86,90,100,5.81,AR,1690228571
59,port mathurin,-19.6833,63.4167,23.15,77,45,8.0,MU,1690228571
60,papatowai,-46.5619,169.4708,6.9,87,81,3.36,NZ,1690228571
61,rongelap,11.1635,166.8941,28.5,74,94,8.97,MH,1690228571
62,atar,20.5169,-13.0499,37.4,23,13,4.08,MR,1690228571
63,newport,51.5877,-2.9984,16.57,85,97,2.9,GB,1690228572
64,okhotsk,59.3833,143.3,16.05,70,4,1.41,RU,1690228572
65,plettenberg bay,-34.0527,23.3716,9.87,72,0,2.47,ZA,1690228572
66,kitimat,54.0524,-128.6534,16.21,54,100,0.74,CA,1690228572
67,talnakh,69.4865,88.3972,13.45,72,85,0.84,RU,1690228572
68,carutapera,-1.195,-46.02,25.93,89,5,3.25,BR,1690228572
69,remire-montjoly,4.9167,-52.2667,24.02,94,75,5.14,GF,1690228573
70,ouani,-12.1322,44.4258,24.45,73,48,4.7,KM,1690228573
71,aykhal,66.0,111.5,13.17,92,99,2.61,RU,1690228573
72,qina,26.1642,32.7267,37.29,14,1,6.74,EG,1690228573
73,westport,41.1415,-73.3579,31.16,57,0,4.12,US,1690228574
74,ben gardane,33.1378,11.2197,33.93,32,0,7.59,TN,1690228574
75,weno,7.4515,151.8468,28.24,77,100,7.85,FM,1690228574
76,kruisfontein,-34.0033,24.7314,6.6,77,0,2.97,ZA,1690228574
77,nuporanga,-20.7308,-47.7306,27.77,36,9,1.78,BR,1690228574
78,mao,39.8885,4.2658,27.31,94,75,4.12,ES,1690228282
79,kutum,14.2,24.6667,28.74,36,100,2.75,SD,1690228575
80,badger,64.8,-147.5333,27.99,59,40,0.0,US,1690228575
81,soio,-6.1349,12.3689,21.64,87,16,3.59,AO,1690228575
82,lebu,-37.6167,-73.65,10.71,88,100,8.6,CL,1690228575
83,kourou,5.1552,-52.6478,24.03,88,54,4.04,GF,1690228575
84,al harak,32.7493,36.3099,26.88,45,0,2.88,SY,1690228575
85,blackmans bay,-43.0167,147.3167,9.07,83,95,2.12,AU,1690228575
86,hithadhoo,-0.6,73.0833,28.27,78,100,6.83,MV,1690228576
87,jaguaruana,-4.8339,-37.7811,29.7,55,88,5.21,BR,1690228576
88,aasiaat,68.7098,-52.8699,3.68,95,98,2.8,GL,1690228576
89,amga,60.8953,131.9608,17.28,85,99,1.4,RU,1690228576
90,saldanha,-33.0117,17.9442,6.03,72,0,4.06,ZA,1690228293
91,novoorsk,51.381,58.9813,18.36,53,35,3.11,RU,1690228577
92,lycksele,64.5954,18.6735,14.93,88,100,1.03,SE,1690228577
93,zhangjiakou,40.81,114.8794,20.61,67,0,0.98,CN,1690228577
94,santarem,-2.4431,-54.7083,32.07,74,20,5.14,BR,1690228577
95,vila franca do campo,37.7167,-25.4333,23.23,76,44,1.89,PT,1690228577
96,clarksdale,34.2001,-90.5709,32.99,55,3,3.09,US,1690228577
97,prieska,-29.6641,22.7474,10.22,33,100,2.73,ZA,1690228578
98,noumea,-22.2763,166.4572,20.0,99,99,1.96,NC,1690228578
99,tura,25.5198,90.2201,23.79,96,100,2.14,IN,1690228578
100,el granada,37.5027,-122.4694,30.89,71,75,7.72,US,1690228578
101,belmonte,-15.8631,-38.8828,23.14,75,0,5.13,BR,1690228578
102,pamandzi,-12.7967,45.2794,23.88,78,0,2.06,YT,1690228578
103,tobruk,32.0836,23.9764,27.12,82,0,6.09,LY,1690228579
104,ishim,56.1128,69.4902,14.24,92,13,3.23,RU,1690228579
105,tralee,52.2704,-9.7026,13.4,83,100,2.9,IE,1690228554
106,margate,51.3813,1.3862,16.06,78,100,2.24,GB,1690228360
107,natal,-5.795,-35.2094,28.36,65,40,8.75,BR,1690228405
108,saint-francois,46.4154,3.9054,21.69,56,0,3.6,FR,1690228579
109,tsiombe,-25.3,45.4833,16.55,90,58,1.69,MG,1690228580
110,edinburgh of the seven seas,-37.0676,-12.3116,15.0,77,70,16.4,SH,1690228580
111,shingu,33.7333,135.9833,22.96,89,0,1.69,JP,1690228580
112,ormara,25.2088,64.6357,28.3,91,95,7.02,PK,1690228580
113,barra de santo antonio,-9.4047,-35.5072,25.6,81,3,4.08,BR,1690228580
114,buchloe,48.0333,10.7333,17.91,87,99,3.09,DE,1690228580
115,dembi dolo,8.5333,34.8,14.32,94,100,1.44,ET,1690228581
116,la mira,18.035,-102.3266,31.94,57,100,2.54,MX,1690228581
117,flying fish cove,-10.4217,105.6791,23.82,94,100,3.6,CX,1690228581
118,hilo,19.7297,-155.09,33.49,78,100,2.57,US,1690228463
119,keflavik,64.0049,-22.5624,12.24,76,100,4.12,IS,1690228581
120,bredasdorp,-34.5322,20.0403,7.67,74,0,2.36,ZA,1690228582
121,ribeira grande,38.5167,-28.7,23.76,83,75,3.58,PT,1690228582
122,campbell river,50.0163,-125.2446,17.21,88,100,8.75,CA,1690228582
123,klyuchi,52.2667,79.1667,19.5,59,16,3.76,RU,1690228582
124,machico,32.7,-16.7667,25.56,72,75,3.09,PT,1690228582
125,kenora,49.8167,-94.4337,25.54,36,20,4.63,CA,1690228303
126,sarangani,5.4033,125.4636,27.38,80,100,5.91,PH,1690228583
127,namibe,-15.1961,12.1522,18.42,81,100,3.1,AO,1690228583
128,northam,51.0333,-4.2167,16.45,76,14,5.08,GB,1690228305
129,severo-yeniseyskiy,60.3725,93.0408,13.2,93,21,0.52,RU,1690228584
130,monte maiz,-33.2046,-62.6008,13.3,52,20,5.02,AR,1690228584
131,wailua homesteads,22.0669,-159.378,27.44,78,100,7.2,US,1690228585
132,mount pearl,47.5166,-52.7813,25.25,82,75,7.72,CA,1690228585
133,cooper's town,26.8667,-77.5167,30.08,66,16,1.77,BS,1690228585
134,vorgashor,67.5833,63.95,16.07,73,100,1.5,RU,1690228585
135,georgetown,5.4112,100.3354,27.96,84,20,1.03,MY,1690228445
136,fort bragg,35.139,-79.006,32.47,63,0,2.06,US,1690228586
137,salaverry,-8.2333,-78.9667,23.21,77,0,6.0,PE,1690228586
138,belvedere marittimo,39.6179,15.8617,30.62,37,0,2.76,IT,1690228587
139,nueva gerona,21.8833,-82.8,32.7,52,1,4.0,CU,1690228587
140,guarapari,-20.6667,-40.4975,23.27,81,1,2.7,BR,1690228587
141,ar ruways,24.1103,52.7306,32.2,72,100,1.93,AE,1690228587
142,port elizabeth,-33.918,25.5701,9.16,81,0,4.12,ZA,1690228587
143,lorengau,-2.0226,147.2712,25.0,90,100,2.51,PG,1690228588
144,san patricio,28.017,-97.5169,37.32,37,9,7.42,US,1690228588
145,afaahiti,-17.75,-149.2833,26.93,83,6,9.16,PF,1690228588
146,meadow lakes,61.6247,-149.6011,21.09,70,0,1.54,US,1690228588
147,torghay,49.6339,63.4981,27.17,24,75,5.12,KZ,1690228588
148,chhor,25.5167,69.7667,29.97,76,98,6.51,PK,1690228589
149,broome,42.2506,-75.833,28.17,68,40,5.14,US,1690228589
150,qingdao,36.0986,120.3719,25.78,100,100,2.0,CN,1690228589
151,arkhangel'sk,64.5401,40.5433,11.41,97,44,2.12,RU,1690228589
152,port alfred,-33.5906,26.891,12.34,68,0,4.45,ZA,1690228589
153,vyazemskiy,47.5378,134.7525,19.67,95,2,2.14,RU,1690228589
154,kingston,17.997,-76.7936,34.58,62,20,10.29,JM,1690228590
155,san martin de los andes,-40.1604,-71.3486,2.03,95,100,0.89,AR,1690228590
156,callao,-12.0667,-77.15,24.16,53,20,5.66,PE,1690228312
157,mana,5.6592,-53.7767,26.67,87,100,4.11,GF,1690228590
158,lata,40.1629,-8.3327,19.34,84,5,2.85,PT,1690228590
159,isafjordur,66.0755,-23.124,10.26,93,100,2.46,IS,1690228591
160,longyearbyen,78.2186,15.6401,10.91,71,75,7.72,SJ,1690228591
161,merizo village,13.2658,144.6691,28.31,90,100,5.07,GU,1690228591
162,cabo san lucas,22.8909,-109.9124,35.9,70,18,1.79,MX,1690228384
163,chonchi,-42.6128,-73.8092,7.56,95,100,4.13,CL,1690228591
164,fale old settlement,-9.3852,-171.2468,28.87,71,9,7.81,TK,1690228591
165,luderitz,-26.6481,15.1594,13.96,62,100,4.35,NA,1690228591
166,ambovombe,-25.1667,46.0833,17.7,82,84,2.38,MG,1690228592
167,palu,-0.8917,119.8707,23.9,96,31,0.86,ID,1690228592
168,lodja,-3.4833,23.4333,29.41,31,98,0.32,CD,1690228592
169,newton,42.337,-71.2092,30.55,62,0,6.17,US,1690228452
170,ankazoabo,-22.2833,44.5167,17.02,56,6,3.28,MG,1690228592
171,anadyr,64.75,177.4833,11.28,87,75,6.0,RU,1690228592
172,malango,-2.9627,119.9001,18.15,98,75,0.39,ID,1690228593
173,codrington,-38.2667,141.9667,11.5,67,98,1.58,AU,1690228593
174,mawu,29.5923,107.3139,22.89,93,93,0.73,CN,1690228593
175,lerwick,60.1545,-1.1494,12.0,86,74,7.16,GB,1690228593
176,leninskoye,41.7589,69.3864,27.43,24,0,1.95,KZ,1690228593
177,olonkinbyen,70.9221,-8.7187,4.98,92,100,5.92,SJ,1690228593
178,punta arenas,-53.15,-70.9167,-0.97,77,100,2.38,CL,1690228594
179,novovarshavka,54.1721,74.6946,16.22,80,0,3.6,RU,1690228594
180,inirida,3.8653,-67.9239,28.5,77,52,0.75,CO,1690228594
181,hadibu,12.65,54.0333,25.09,79,56,8.24,YE,1690228594
182,bowen,-20.0167,148.2333,12.75,78,4,3.46,AU,1690228594
183,tomatlan,19.9333,-105.25,32.49,56,45,4.84,MX,1690228594
184,kodiak,57.79,-152.4072,12.73,76,100,4.12,US,1690228399
185,whitehorse,60.7161,-135.0538,16.12,82,75,2.57,CA,1690228595
186,shalqar,47.8333,59.6,28.58,28,2,5.54,KZ,1690228595
187,jingdezhen,29.2947,117.2079,25.57,92,100,1.2,CN,1690228595
188,rakops,-21.0167,24.3333,18.65,22,6,2.21,BW,1690228595
189,queenstown,-31.8976,26.8753,5.07,50,0,0.94,ZA,1690228596
190,makinsk,52.6292,70.4169,15.44,57,52,2.0,KZ,1690228596
191,dogonbadan,30.3586,50.7981,33.05,18,0,3.09,IR,1690228596
192,cherdakly,54.3594,48.845,17.97,77,0,2.0,RU,1690228596
193,kailua-kona,19.6406,-155.9956,28.98,78,20,4.63,US,1690228596
194,washington court house,39.5364,-83.4391,30.2,64,40,0.0,US,1690228596
195,pacific grove,36.6177,-121.9166,26.79,83,20,5.36,US,1690228442
196,novyy urgal,51.0736,132.5642,17.87,99,100,0.66,RU,1690228597
197,balsas,-7.5325,-46.0356,34.32,21,7,2.97,BR,1690228597
198,nuuk,64.1835,-51.7216,12.34,71,20,5.66,GL,1690228371
199,nova sintra,14.8667,-24.7167,22.82,79,100,6.84,CV,1690228597
200,tumayr,25.7039,45.868,33.96,9,79,2.63,SA,1690228597
201,taunggyi,20.7833,97.0333,17.87,95,13,0.91,MM,1690228597
202,pisco,-13.7,-76.2167,22.03,64,0,4.63,PE,1690228476
203,arraial do cabo,-22.9661,-42.0278,23.98,73,0,9.26,BR,1690228598
204,quesnel,52.9999,-122.5029,20.28,60,40,2.57,CA,1690228364
205,saguenay,48.4168,-71.0657,29.49,39,40,2.06,CA,1690228598
206,tegueste,28.5167,-16.3167,20.92,83,40,10.29,ES,1690228315
207,saint-marcellin,45.15,5.3167,21.79,88,100,1.71,FR,1690228598
208,leua,48.2156,18.6071,28.05,52,97,5.07,SK,1690228598
209,qandala,11.472,49.8728,32.55,52,100,3.87,SO,1690228599
210,tazovsky,67.4667,78.7,14.21,94,76,3.12,RU,1690228599
211,roma,43.2128,-75.4557,26.09,65,56,4.11,US,1690228599
212,polyarnyy,69.1989,33.4478,9.3,96,100,5.42,RU,1690228599
213,plouzane,48.3833,-4.6167,16.03,85,75,6.69,FR,1690228599
214,khandyga,62.6667,135.6,17.12,84,50,1.86,RU,1690228599
215,dunedin,-45.8742,170.5036,6.56,97,28,1.34,NZ,1690228600
216,mahina,-17.5065,-149.489,27.87,78,75,5.14,PF,1690228600
217,wildwood,38.5828,-90.6629,34.36,61,0,4.63,US,1690228386
218,arroio grande,-32.2375,-53.0869,11.1,97,100,5.63,BR,1690228600
219,jamestown,42.097,-79.2353,27.51,66,100,4.63,US,1690228456
220,greenwood,34.1668,-82.1165,31.68,58,0,0.0,US,1690228600
221,gevrai,19.2667,75.75,24.58,83,100,6.48,IN,1690228600
222,mudkhed,19.1667,77.5167,24.36,93,100,4.76,IN,1690228601
223,asturias,43.3333,-6.0,17.98,81,99,1.9,ES,1690228601
224,villa gesell,-37.2639,-56.973,8.36,67,90,4.03,AR,1690228601
225,qaqortoq,60.7167,-46.0333,6.96,87,80,3.58,GL,1690228601
226,fada,9.5667,8.3,20.63,97,34,1.61,NG,1690228601
227,ostersund,63.1792,14.6357,16.25,33,97,2.57,SE,1690228545
228,betio village,1.358,172.9211,25.02,77,20,4.76,KI,1690228601
229,hermanus,-34.4187,19.2345,10.76,66,0,2.95,ZA,1690228602
230,howrah,22.5892,88.3103,28.0,89,20,2.06,IN,1690228602
231,erenhot,43.6475,111.9767,24.52,34,73,2.83,CN,1690228602
232,gizo,-8.103,156.8419,26.3,84,100,7.43,SB,1690228602
233,newman,37.3138,-121.0208,34.19,9,63,0.73,US,1690228602
234,zeya,53.75,127.2667,16.59,96,100,3.0,RU,1690228603
235,heppenheim an der bergstrasse,49.6408,8.6372,21.92,62,46,2.68,DE,1690228603
236,port shepstone,-30.7414,30.455,14.25,66,71,3.8,ZA,1690228603
237,brookings,44.3114,-96.7984,31.92,42,0,6.17,US,1690228330
238,mitu,1.1983,-70.1733,27.88,67,81,0.76,CO,1690228603
239,dong ha,16.8163,107.1003,24.64,92,57,1.25,VN,1690228603
240,lichuan,30.3,108.85,18.29,97,100,0.84,CN,1690228603
241,lanett,32.8687,-85.1905,33.8,25,17,2.33,US,1690228604
242,maloye ganyushkino,46.6,49.2667,26.39,53,94,5.0,KZ,1690228604
243,avarua,-21.2078,-159.775,23.03,88,75,2.06,CK,1690228604
244,villazon,-22.0866,-65.5942,18.53,4,5,3.46,BO,1690228604
245,magadan,59.5667,150.8,14.54,63,13,1.96,RU,1690228604
246,bodaybo,57.8506,114.1933,16.15,84,25,0.91,RU,1690228604
247,glace bay,46.1969,-59.957,29.47,59,40,4.63,CA,1690228604
248,ritchie,-29.038,24.6028,10.05,26,100,3.42,ZA,1690228605
249,togur,58.3631,82.8265,15.13,95,43,1.41,RU,1690228605
250,great bend,38.3645,-98.7648,36.69,46,0,3.6,US,1690228439
251,pangkalanbuun,-2.6833,111.6167,22.63,98,17,1.26,ID,1690228605
252,nasugbu,14.1,120.6833,26.5,90,96,5.92,PH,1690228605
253,ust'-ilimsk,58.0006,102.6619,16.9,95,100,1.68,RU,1690228605
254,acapulco de juarez,16.8634,-99.8901,31.51,56,100,3.2,MX,1690228347
255,wotho,10.1657,166.0102,28.33,79,99,8.73,MH,1690228606
256,mersrags,57.3354,23.1246,16.26,88,100,1.68,LV,1690228606
257,gadzhiyevo,69.2551,33.3362,9.2,97,100,5.69,RU,1690228606
258,najaf,31.9985,44.3398,34.88,15,0,2.06,IQ,1690228607
259,adrar,20.5022,-10.0711,38.94,16,49,4.47,MR,1690228607
260,mandalgovi,45.7625,106.2708,17.34,58,100,2.86,MN,1690228607
261,mala,-12.6581,-76.6308,20.59,78,65,4.1,PE,1690228607
262,utrik,11.2278,169.8474,28.33,77,87,7.47,MH,1690228608
263,usakos,-22.0,15.6,18.46,33,7,0.87,NA,1690228608
264,san pedro pochutla,15.7333,-96.4667,30.95,61,100,3.12,MX,1690228608
265,saint-joseph,-21.3667,55.6167,19.21,83,34,3.42,RE,1690228608
266,carnarvon,-24.8667,113.6333,15.47,81,5,5.58,AU,1690228609
267,amurzet,47.6967,131.0981,19.36,94,96,4.4,RU,1690228609
268,korla,41.7597,86.1469,28.06,33,100,5.91,CN,1690228609
269,el matama,16.7095,33.3565,36.04,27,100,9.56,SD,1690228609
270,guerrero negro,27.9769,-114.0611,26.17,51,99,6.73,MX,1690228610
271,ban na san,8.8004,99.3637,23.72,94,89,1.81,TH,1690228610
272,mutare,-18.9707,32.6709,13.78,60,0,1.51,ZW,1690228610
273,ibimirim,-8.5406,-37.6903,24.52,61,53,7.68,BR,1690228610
274,oriximina,-1.7656,-55.8661,34.29,37,9,2.59,BR,1690228610
275,cidreira,-30.1811,-50.2056,17.1,96,100,4.51,BR,1690228611
276,conde,-7.2597,-34.9075,26.7,74,20,6.69,BR,1690228611
277,tiksi,71.6872,128.8694,3.69,82,22,2.2,RU,1690228611
278,nar'yan-mar,67.6713,53.087,16.21,74,100,2.19,RU,1690228611
279,tsiroanomandidy,-18.7667,46.0333,19.27,54,67,0.36,MG,1690228611
280,tromso,69.6496,18.957,15.01,63,0,4.12,NO,1690228611
281,kenai,60.5544,-151.2583,15.05,87,100,5.14,US,1690228454
282,puerto baquerizo moreno,-0.9,-89.6,27.55,74,75,5.91,EC,1690228612
283,saint-pierre,-21.3393,55.4781,19.82,77,0,3.09,RE,1690228612
284,holualoa,19.6228,-155.9522,26.91,79,20,4.63,US,1690228612
285,saipan,15.1355,145.701,27.58,100,0,2.57,MP,1690228612
286,karratha,-20.7377,116.8463,15.72,50,0,6.25,AU,1690228612
287,monrovia,6.3005,-10.7969,25.87,85,100,4.59,LR,1690228613
288,tual,-5.6667,132.75,25.21,76,66,11.13,ID,1690228613
289,general villegas,-35.0328,-63.0125,13.42,41,12,4.57,AR,1690228613
290,toba,34.4833,136.85,26.0,86,8,1.92,JP,1690228613
291,hohhot,40.8106,111.6522,15.16,88,0,2.0,CN,1690228613
292,iskateley,67.6803,53.1512,16.17,74,100,2.26,RU,1690228613
293,al bawiti,28.3492,28.8659,31.96,25,0,7.71,EG,1690228613
294,palmer,42.1584,-72.3287,29.75,51,75,7.72,US,1690228614
295,fort morgan,40.2503,-103.8,34.36,38,0,3.6,US,1690228614
296,guelph,43.5501,-80.2497,27.43,64,75,5.14,CA,1690228441
297,constantia,44.1833,28.65,23.38,73,0,8.59,RO,1690228614
298,hami,42.8,93.45,27.71,23,0,4.88,CN,1690228614
299,new norfolk,-42.7826,147.0587,9.72,85,98,1.63,AU,1690228614
300,mili,6.0815,171.735,27.85,79,98,6.19,MH,1690228614
301,zdvinsk,54.7021,78.661,15.53,84,0,0.38,RU,1690228615
302,myingyan,21.4667,95.3833,28.95,66,10,5.39,MM,1690228615
303,kill devil hills,36.0307,-75.676,28.0,75,75,3.6,US,1690228615
304,kollo,13.3043,2.339,30.24,47,37,1.39,NE,1690228615
305,bunyan,38.8463,35.8603,18.12,73,0,3.65,TR,1690228615
306,howard springs,-12.497,131.047,15.95,50,10,3.63,AU,1690228616
307,oamaru,-45.0784,170.9801,6.86,82,100,1.9,NZ,1690228616
308,lipno,52.8444,19.1785,20.21,67,100,1.27,PL,1690228616
309,vadso,70.0744,29.7487,9.49,100,100,6.17,NO,1690228616
310,fiambala,-27.6871,-67.6149,16.3,33,19,2.13,AR,1690228616
311,opuwo,-18.0607,13.84,19.81,28,4,1.41,NA,1690228616
312,koidu,8.4167,-10.8333,23.58,94,96,0.91,SL,1690228617
313,al jawf,29.5,38.75,31.84,13,0,4.76,SA,1690228617
314,amassoma,4.9692,6.1097,23.28,97,100,1.58,NG,1690228617
315,ta`u,-14.2336,-169.5144,25.87,73,93,5.71,AS,1690228617
316,dhuusamarreeb,5.535,46.3861,25.67,58,100,10.86,SO,1690228617
317,barentu,15.1139,37.5928,22.32,72,98,9.91,ER,1690228617
318,strezhevoy,60.7333,77.5889,17.5,84,99,0.7,RU,1690228618
319,susuman,62.7833,148.1667,13.69,61,25,1.29,RU,1690228618
320,labytnangi,66.6572,66.4183,19.07,62,100,2.93,RU,1690228618
321,kamina,-8.7386,24.9906,20.99,38,0,1.44,CD,1690228618
322,funafuti,-8.5243,179.1942,28.0,94,75,6.69,TV,1690228618
323,cromer,52.9312,1.2989,15.93,72,20,2.24,GB,1690228618
324,san luis de la loma,17.2706,-100.8939,31.34,60,99,3.29,MX,1690228619
325,carbonear,47.7332,-53.2148,25.97,91,94,5.6,CA,1690228619
326,la foa,-21.7108,165.8276,17.28,77,100,2.15,NC,1690228619
327,mangrol,21.1167,70.1167,27.36,87,99,8.68,IN,1690228619
328,mount isa,-20.7333,139.5,11.87,58,69,6.69,AU,1690228619
329,ancud,-41.8697,-73.8203,8.32,93,100,9.42,CL,1690228619
330,dudinka,69.4058,86.1778,13.68,73,40,3.62,RU,1690228620
331,salahonda,2.1019,-78.7217,27.68,82,59,6.83,CO,1690228620
332,jumla,29.2747,82.1838,17.29,97,99,0.63,NP,1690228620
333,charters towers,-20.1,146.2667,10.28,91,53,3.65,AU,1690228620
334,peace river,56.2501,-117.286,19.17,88,100,3.6,CA,1690228620
335,puerto santa,-8.9906,-78.6456,22.89,71,4,6.02,PE,1690228620
336,hammerfest,70.6634,23.6821,11.25,87,75,3.09,NO,1690228621
337,paya,18.25,-70.3,31.25,57,14,6.88,DO,1690228621
338,richards bay,-28.783,32.0377,16.31,75,100,2.99,ZA,1690228410
339,mugia,43.1041,-9.2179,19.39,72,63,4.6,ES,1690228621
340,atafu village,-8.5421,-172.5159,28.93,70,13,7.87,TK,1690228621
341,novyy urengoy,66.0833,76.6333,19.68,68,67,2.79,RU,1690228621
342,worland,44.0169,-107.9554,37.6,26,0,2.57,US,1690228622
343,boone,39.0334,-92.3335,36.9,26,1,2.7,US,1690228622
344,telimele,10.9167,-13.3333,22.48,96,100,1.75,GN,1690228622
345,kalachinsk,55.0529,74.5751,14.65,95,10,3.25,RU,1690228622
346,san andres,12.5847,-81.7006,32.01,70,20,5.14,CO,1690228622
347,zhanjiang,21.2815,110.3427,25.87,85,98,2.51,CN,1690228623
348,bni bouayach,35.1022,-3.841,30.31,42,20,3.09,MA,1690228623
349,labrador city,52.9463,-66.9114,25.95,34,40,4.12,CA,1690228623
350,martapura,-3.4167,114.85,23.05,100,72,0.51,ID,1690228623
351,santa marta,11.2408,-74.199,34.03,49,20,4.12,CO,1690228538
352,the pas,53.8251,-101.2541,26.01,41,0,4.12,CA,1690228623
353,opatija,45.3392,14.3083,28.72,92,68,1.51,HR,1690228624
354,selfoss,63.9331,-20.9971,15.02,84,56,3.92,IS,1690228624
355,urumqi,43.801,87.6005,26.53,28,0,3.0,CN,1690228624
356,lafayette,30.2335,-92.0668,35.01,49,40,2.57,US,1690228529
357,progreso,21.2833,-89.6667,37.28,60,66,6.78,MX,1690228624
358,baker city,44.7749,-117.8344,26.84,29,0,3.09,US,1690228624
359,sao felix do xingu,-6.6447,-51.995,34.21,24,6,1.92,BR,1690228625
360,yuzhno-kurilsk,44.0306,145.8556,17.37,100,100,2.62,RU,1690228625
361,geraldton,-28.7667,114.6,10.23,66,3,5.14,AU,1690228625
362,grande prairie,55.1667,-118.8027,19.1,68,100,2.57,CA,1690228625
363,bel ombre,-4.6167,55.4167,25.91,83,20,6.69,SC,1690228626
364,gudari,19.35,83.7833,25.47,93,69,1.61,IN,1690228626
365,maxixe,-23.8597,35.3472,19.91,93,0,2.24,MZ,1690228626
366,lunguletu,44.6167,25.65,27.42,39,5,2.55,RO,1690228626
367,malmberget,67.1753,20.6549,12.31,76,100,1.03,SE,1690228626
368,little rock,34.7465,-92.2896,35.38,49,40,3.6,US,1690228429
369,forde,61.4522,5.8572,15.06,76,75,2.06,NO,1690228627
370,saudarkrokur,65.7461,-19.6394,10.24,90,100,1.25,IS,1690228627
371,itoman,26.1247,127.6694,29.21,86,20,4.12,JP,1690228627
372,siocon,7.7061,122.1353,25.82,87,100,4.66,PH,1690228627
373,embi,48.8264,58.1442,25.45,35,93,4.67,KZ,1690228627
374,impfondo,1.6381,18.0667,24.22,79,11,1.1,CG,1690228627
375,skole,49.0372,23.5135,20.99,66,97,4.18,UA,1690228628
376,halifax,44.6453,-63.5724,29.94,64,99,1.34,CA,1690228417
377,takoradi,4.8845,-1.7554,24.63,89,100,2.71,GH,1690228628
378,tazacorte,28.629,-17.9293,23.54,83,20,6.69,ES,1690228628
379,taulaga,-11.0553,-171.0883,27.89,77,25,8.67,AS,1690228628
380,vilyuysk,63.7553,121.6247,16.36,96,99,3.58,RU,1690228628
381,labasa,-16.4167,179.3833,24.05,80,46,2.73,FJ,1690228629
382,cockburn town,21.4612,-71.1419,30.98,58,40,5.14,TC,1690228629
383,steinbach,50.1667,8.5667,21.73,56,0,6.69,DE,1690228629
384,ponta delgada,37.7333,-25.6667,23.4,78,75,3.6,PT,1690228629
385,pionerskiy,54.9508,20.2275,19.91,80,100,3.33,RU,1690228629
386,mariehamn,60.0973,19.9348,14.92,88,0,1.54,AX,1690228629
387,gobabis,-22.45,18.9667,16.58,27,9,4.42,NA,1690228630
388,karagandy,49.8019,73.1021,13.97,43,6,2.05,KZ,1690228630
389,uliastay,47.7417,96.8444,10.84,63,23,1.69,MN,1690228630
390,qarqin,37.4185,66.0436,33.35,14,0,2.39,AF,1690228630
391,maceio,-9.6658,-35.7353,25.69,73,40,4.63,BR,1690228415
392,shimokizukuri,40.8061,140.3861,24.18,88,3,2.34,JP,1690228630
393,buka,40.8108,69.1986,28.51,23,0,3.45,UZ,1690228631
394,bizhbulyak,53.6967,54.2642,15.42,88,8,1.91,RU,1690228632
395,chom thong,18.4174,98.6743,26.14,94,70,1.46,TH,1690228632
396,mossendjo,-2.9506,12.7261,21.18,78,74,1.14,CG,1690228632
397,yerofey pavlovich,53.9667,121.9667,16.87,76,99,1.04,RU,1690228403
398,tindouf,27.6711,-8.1474,37.2,18,8,8.36,DZ,1690228633
399,xining,36.6167,101.7667,15.67,58,100,1.5,CN,1690228633
400,ugoofaaru,5.6667,73.0,27.99,81,100,4.92,MV,1690228634
401,cururupu,-1.8283,-44.8683,28.25,70,40,1.94,BR,1690228634
402,riyadh,24.6877,46.7219,35.08,9,100,3.54,SA,1690228379
403,brooksville,28.5553,-82.3879,24.7,94,100,3.6,US,1690228408
404,borodulikha,50.7184,80.9295,19.71,57,100,3.21,KZ,1690228634
405,qusmuryn,52.4503,64.6311,21.8,46,100,2.59,KZ,1690228635
406,la passe,45.5549,-0.8967,20.13,78,56,7.16,FR,1690228635
407,karaj,35.8355,51.0103,32.29,14,20,3.09,IR,1690228635
408,necochea,-38.5473,-58.7368,7.81,64,85,4.43,AR,1690228635
409,bodo,67.28,14.405,15.43,88,75,2.57,NO,1690228635
410,abong mbang,3.9833,13.1833,20.24,96,100,1.15,CM,1690228636
411,eyl,7.9803,49.8164,26.07,66,93,13.15,SO,1690228636
412,nema,57.5067,50.5011,12.58,94,11,2.29,RU,1690228636
413,alofi,-19.0595,-169.9187,21.94,73,40,2.57,NU,1690228636
414,murun-kuren,49.6342,100.1625,11.25,87,100,0.82,MN,1690228636
415,siverskiy,59.3544,30.0783,11.85,77,24,2.19,RU,1690228596
416,olyokminsk,60.3736,120.4264,18.82,78,5,0.63,RU,1690228637
417,deqen,29.9618,90.7188,10.14,94,100,1.32,CN,1690228637
418,tchintabaraden,15.8969,5.7985,24.78,77,100,4.5,NE,1690228637
419,aden,12.7794,45.0367,30.83,71,100,5.3,YE,1690228491
420,dar chioukh,34.8964,3.4854,31.79,10,1,8.44,DZ,1690228638
421,grand baie,-20.0182,57.5802,23.26,81,9,0.45,MU,1690228638
422,dobryanka,58.4619,56.4165,13.23,98,96,1.22,RU,1690228638
423,masterton,-40.9597,175.6575,6.6,93,76,0.68,NZ,1690228638
424,kichmengskiy gorodok,59.9816,45.7854,11.44,96,21,2.38,RU,1690228638
425,vila velha,-20.3297,-40.2925,23.97,81,20,4.12,BR,1690228421
426,koungou,-12.7336,45.2042,23.84,78,0,2.06,YT,1690228639
427,altay,47.8667,88.1167,16.98,41,33,2.83,CN,1690228639
428,les cayes,18.2,-73.75,30.23,65,100,4.99,HT,1690228639
429,port isabel,26.0734,-97.2086,37.02,71,75,6.17,US,1690228620
430,chernyshevskiy,63.0128,112.4714,16.04,85,10,1.09,RU,1690228639
431,selebi-phikwe,-21.979,27.8498,17.72,27,27,1.8,BW,1690228639
432,ilhabela,-23.7781,-45.3581,22.63,71,3,1.69,BR,1690228639
433,nangis,48.5554,3.0131,18.66,88,78,3.85,FR,1690228640
434,lagoa,39.05,-27.9833,22.02,85,2,5.44,PT,1690228640
435,itri,41.2892,13.5264,29.14,66,3,3.54,IT,1690228640
436,kristiansund,63.1115,7.732,15.36,72,40,5.66,NO,1690228640
437,beltran,-27.8291,-64.061,17.7,44,80,5.14,AR,1690228640
438,marshall,34.3834,-86.3333,31.84,53,0,0.45,US,1690228389
439,st. john's,47.5649,-52.7093,25.71,86,75,7.72,CA,1690228416
440,sapiranga,-29.6381,-51.0069,18.96,91,77,1.71,BR,1690228530
441,turpan,42.9333,89.1667,33.97,23,65,0.5,CN,1690228641
442,as sulayyil,20.4607,45.5779,36.14,8,100,2.79,SA,1690228641
443,island harbour,50.724,-1.2758,16.2,90,98,0.45,GB,1690228641
444,kangasniemi,61.9936,26.6479,14.01,96,92,2.04,FI,1690228641
445,kayyerkan,69.3786,87.7439,13.5,87,95,2.07,RU,1690228641
446,sao jose da coroa grande,-8.8978,-35.1478,24.08,81,10,4.25,BR,1690228605
447,aral,40.5156,81.2636,28.79,31,59,2.26,CN,1690228642
448,la'ie,21.6477,-157.9253,27.98,72,50,6.81,US,1690228642
449,oelwein,42.6733,-91.9135,32.01,60,0,1.34,US,1690228429
450,berezovyy,51.6667,135.7,18.41,92,100,1.78,RU,1690228643
451,lagos,6.5833,3.75,27.18,91,100,2.35,NG,1690228643
452,zalingei,12.9096,23.4741,24.97,63,100,2.58,SD,1690228643
453,quelimane,-17.8786,36.8883,21.97,83,0,2.24,MZ,1690228549
454,talara,-4.5772,-81.2719,28.42,54,0,9.26,PE,1690228643
455,danjiangkou,32.5428,111.5086,25.99,90,78,1.68,CN,1690228644
456,xinyuan,37.3,99.0,4.93,91,22,1.85,CN,1690228644
457,eureka,40.8021,-124.1637,29.3,75,27,2.24,US,1690228644
458,alva,56.1528,-3.8051,15.02,74,96,1.43,GB,1690228644
459,bhamo,24.2667,97.2333,23.59,99,95,0.54,MM,1690228644
460,kerikeri,-35.2268,173.9474,8.28,94,17,2.3,NZ,1690228645
461,hasaki,35.7333,140.8333,23.5,90,73,3.6,JP,1690228645
462,persembe,41.0656,37.7714,21.68,82,56,2.89,TR,1690228645
463,berdigestyakh,62.0989,126.6992,18.45,81,41,1.34,RU,1690228645
464,manaure,11.7751,-72.4445,33.66,47,43,8.47,CO,1690228645
465,uturoa,-16.7333,-151.4333,26.68,82,18,6.4,PF,1690228646
466,haiku-pauwela,20.9219,-156.3051,29.54,64,20,9.26,US,1690228646
467,port augusta,-32.5,137.7667,7.56,87,0,2.5,AU,1690228646
468,elamanchili,17.55,82.8667,27.12,89,100,0.39,IN,1690228646
469,cabedelo,-6.9811,-34.8339,27.37,80,0,7.17,BR,1690228647
470,sibbo,60.3775,25.2691,17.47,61,0,3.09,FI,1690228647
471,mar del plata,-38.0023,-57.5575,8.3,69,40,6.71,AR,1690228383
472,qeshm,26.9581,56.2719,33.94,86,100,9.43,IR,1690228647
473,al hawatah,13.4167,34.6333,29.42,58,100,5.39,SD,1690228647
474,yaren,-0.5472,166.916,28.42,76,27,3.95,NR,1690228647
475,paka,4.6374,103.4368,25.96,94,97,0.0,MY,1690228647
476,tinajo,29.0788,-13.7081,23.49,64,40,8.23,ES,1690228648
477,berlin,52.5244,13.4105,20.2,95,0,3.13,DE,1690228534
478,baymak,52.5933,58.3225,14.38,72,40,1.89,RU,1690228648
479,los alamos,35.8881,-106.307,34.47,20,75,3.09,US,1690228648
480,michalovce,48.7543,21.9195,20.29,63,96,2.58,SK,1690228648
481,micheweni,-4.9667,39.8333,24.35,84,7,6.34,TZ,1690228648
482,kupang,-10.1667,123.5833,22.43,74,32,6.89,ID,1690228649
483,abbeville,50.1,1.8333,16.94,90,60,3.0,FR,1690228649
484,sandnessjoen,66.0217,12.6316,15.29,94,75,3.09,NO,1690228649
485,yorkton,51.2167,-102.4677,27.91,54,0,5.14,CA,1690228649
486,chilmari,25.5559,89.6715,27.23,87,100,5.17,BD,1690228649
487,illapel,-31.6308,-71.1653,19.43,44,3,2.51,CL,1690228650
488,general pico,-35.6566,-63.7568,12.66,36,41,4.86,AR,1690228650
489,minas de marcona,-15.2119,-75.1103,17.85,57,0,6.27,PE,1690228650
490,vila do maio,15.1333,-23.2167,27.44,78,96,5.26,CV,1690228650
491,khorixas,-20.3667,14.9667,20.03,29,16,1.31,NA,1690228650
492,kikwit,-5.041,18.8162,28.04,42,75,0.66,CD,1690228650
493,punta cardon,11.6581,-70.215,29.14,64,79,15.17,VE,1690228651
494,tyazhinskiy,56.116,88.524,16.09,98,100,2.79,RU,1690228651
495,ulricehamn,57.7916,13.4142,16.3,88,15,3.97,SE,1690228651
496,north elba,44.2434,-73.9543,21.23,66,74,2.24,US,1690228651
497,portland,45.5234,-122.6762,21.99,65,75,3.09,US,1690228546
498,falun,60.6036,15.626,18.23,73,100,2.84,SE,1690228652
499,porto seguro,-16.4497,-39.0647,24.29,73,40,3.6,BR,1690228505
500,sao francisco do sul,-26.2433,-48.6381,23.95,78,40,3.6,BR,1690228652
501,khanty-mansiysk,61.0042,69.0019,18.06,88,0,1.0,RU,1690228652
502,enewetak,11.3474,162.3373,28.47,77,63,7.23,MH,1690228652
503,sitka,57.0531,-135.33,15.94,77,20,0.0,US,1690228652
504,manistee,44.2445,-86.3242,26.03,81,0,4.63,US,1690228652
505,abadan,30.3392,48.3043,36.97,15,0,3.09,IR,1690228653
506,vernon,50.2581,-119.2691,29.96,23,100,1.54,CA,1690228516
507,east london,-33.0153,27.9116,13.27,63,0,3.69,ZA,1690228606
508,lahij,13.1667,44.5833,34.95,36,100,1.78,YE,1690228653
509,lydenburg,-25.0978,30.4597,10.2,88,11,1.89,ZA,1690228653
510,marion,39.7684,-86.1555,31.89,64,40,2.57,US,1690228645
511,nogliki,51.8333,143.1667,14.17,91,100,2.2,RU,1690228653
512,ambon,-3.6954,128.1814,27.35,92,40,2.06,ID,1690228654
513,praia da vitoria,38.7333,-27.0667,25.14,78,20,4.5,PT,1690228654
514,reo,12.3167,-2.4667,25.87,79,50,2.66,BF,1690228654
515,kodinsk,58.6881,99.1844,15.77,95,96,1.73,RU,1690228654
516,cruzeiro,-22.5761,-44.9628,28.09,52,84,0.78,BR,1690228655
517,midoun,33.8081,10.9923,35.92,54,0,8.04,TN,1690228655
518,lospalos,-8.5186,127.0025,18.22,80,100,3.27,TL,1690228655
519,buctzotz,21.2,-88.7833,38.39,28,100,2.94,MX,1690228655
520,vorkuta,67.5,64.0,16.01,74,100,1.0,RU,1690228656
521,bellampalli,19.0558,79.493,25.65,90,100,3.76,IN,1690228656
522,manacapuru,-3.2997,-60.6206,34.46,37,8,0.21,BR,1690228578
523,kidal,18.4411,1.4078,37.41,24,77,2.15,ML,1690228656
524,delmas,18.5447,-72.3028,36.4,32,40,7.2,HT,1690228656
525,mirny,62.5353,113.9611,20.13,59,15,3.13,RU,1690228657
526,ola,59.5833,151.2833,14.27,66,1,1.33,RU,1690228657
527,kigoma,-4.8769,29.6267,21.33,73,0,0.0,TZ,1690228657
528,wulingyuan,29.3494,110.5441,23.28,95,100,1.23,CN,1690228657
529,north platte,41.1239,-100.7654,36.1,41,0,1.54,US,1690228478
530,el bauga,18.262,33.9081,35.56,14,99,5.11,SD,1690228658
531,kunshan,31.3776,120.9543,27.94,91,55,2.93,CN,1690228658
532,mil'kovo,55.6078,37.7956,15.23,95,100,1.34,RU,1690228658
533,mirpur sakro,24.5474,67.6277,29.23,77,100,4.04,PK,1690228658
534,bonthe,7.5264,-12.505,25.53,85,98,3.77,SL,1690228658
535,ofunato,39.0717,141.7167,23.04,84,94,2.3,JP,1690228658
536,mildura,-34.2,142.15,4.48,89,0,3.34,AU,1690228659
537,hays,30.0502,-98.0336,39.26,35,0,0.45,US,1690228659
538,kyshtovka,56.555,76.6271,13.88,95,71,2.31,RU,1690228659
539,flin flon,54.7682,-101.865,26.91,34,40,3.09,CA,1690228659
540,sao vicente,-23.9631,-46.3919,30.1,85,0,1.54,BR,1690228659
541,nacala,-14.5428,40.6728,19.91,89,41,2.6,MZ,1690228659
542,tamanrasset,22.785,5.5228,32.95,14,80,4.12,DZ,1690228660
543,ponnamaravati,10.3,78.55,27.39,67,100,2.1,IN,1690228660
544,goundam,16.4145,-3.6708,34.66,42,100,4.58,ML,1690228660
545,macapa,0.0389,-51.0664,32.99,58,40,2.06,BR,1690228660
546,san ignacio de velasco,-16.3667,-60.95,32.75,20,0,3.24,BO,1690228660
547,takab,36.4009,47.1133,22.73,30,0,1.84,IR,1690228660
548,conceicao do rio verde,-21.8808,-45.0853,22.18,52,31,0.7,BR,1690228661
549,monaragala,6.8714,81.3487,25.23,71,99,1.88,LK,1690228661
550,bilopillya,51.1502,34.3129,17.45,70,77,4.07,UA,1690228661
551,piacabucu,-10.4056,-36.4344,24.24,77,11,4.08,BR,1690228661
